{"cameraMode":{"drawMode":0,"name":"Shaded","section":"Shading Mode"},"sceneLighting":false,"audioPlay":false,"sceneViewState":{"showFog":true,"showMaterialUpdate":false,"showSkybox":false,"showFlares":true,"showImageEffects":true,"showParticleSystems":true},"in2DMode":false,"pivot":{"x":0.010474681854248047,"y":5.022060394287109,"z":0.009340643882751465},"rotation":{"x":-0.34961339831352236,"y":-0.12122175097465515,"z":0.045672789216041568,"w":-0.9279589056968689},"size":23.49498176574707,"orthographic":false}