{"cameraMode":{"drawMode":0,"name":"Shaded","section":"Shading Mode"},"sceneLighting":false,"audioPlay":false,"sceneViewState":{"showFog":true,"showMaterialUpdate":false,"showSkybox":false,"showFlares":true,"showImageEffects":true,"showParticleSystems":true},"in2DMode":false,"pivot":{"x":-0.1943378746509552,"y":1.4850071668624879,"z":2.314095973968506},"rotation":{"x":-0.003943379037082195,"y":0.9971151947975159,"z":-0.07368211448192597,"w":-0.034044280648231509},"size":1.292201042175293,"orthographic":false}