{"cameraMode":{"drawMode":0,"name":"Shaded","section":"Shading Mode"},"sceneLighting":true,"audioPlay":false,"sceneViewState":{"showFog":true,"showMaterialUpdate":false,"showSkybox":true,"showFlares":true,"showImageEffects":true,"showParticleSystems":true},"in2DMode":false,"pivot":{"x":6.376461029052734,"y":-57.57538986206055,"z":-43.85108184814453},"rotation":{"x":0.13042229413986207,"y":-0.8050535917282105,"z":0.5458390712738037,"w":0.19243241846561433},"size":185.64418029785157,"orthographic":false}